--
-- PostgreSQL database dump
--

-- Dumped from database version 17rc1
-- Dumped by pg_dump version 17rc1

SET statement_timeout = 0;
SET lock_timeout = 0;
SET idle_in_transaction_session_timeout = 0;
SET transaction_timeout = 0;
SET client_encoding = 'UTF8';
SET standard_conforming_strings = on;
SELECT pg_catalog.set_config('search_path', '', false);
SET check_function_bodies = false;
SET xmloption = content;
SET client_min_messages = warning;
SET row_security = off;

ALTER TABLE ONLY public.django_apscheduler_djangojobexecution DROP CONSTRAINT django_apscheduler_djangojobexecution_job_id_daf5090a_fk;
ALTER TABLE ONLY public.django_admin_log DROP CONSTRAINT django_admin_log_user_id_c564eba6_fk_auth_user_id;
ALTER TABLE ONLY public.django_admin_log DROP CONSTRAINT django_admin_log_content_type_id_c4bce8eb_fk_django_co;
ALTER TABLE ONLY public.auth_user_user_permissions DROP CONSTRAINT auth_user_user_permissions_user_id_a95ead1b_fk_auth_user_id;
ALTER TABLE ONLY public.auth_user_user_permissions DROP CONSTRAINT auth_user_user_permi_permission_id_1fbb5f2c_fk_auth_perm;
ALTER TABLE ONLY public.auth_user_groups DROP CONSTRAINT auth_user_groups_user_id_6a12ed8b_fk_auth_user_id;
ALTER TABLE ONLY public.auth_user_groups DROP CONSTRAINT auth_user_groups_group_id_97559544_fk_auth_group_id;
ALTER TABLE ONLY public.auth_permission DROP CONSTRAINT auth_permission_content_type_id_2f476e4b_fk_django_co;
ALTER TABLE ONLY public.auth_group_permissions DROP CONSTRAINT auth_group_permissions_group_id_b120cbf9_fk_auth_group_id;
ALTER TABLE ONLY public.auth_group_permissions DROP CONSTRAINT auth_group_permissio_permission_id_84c5c92e_fk_auth_perm;
DROP INDEX public.django_session_session_key_c0390e0f_like;
DROP INDEX public.django_session_expire_date_a5c62663;
DROP INDEX public.django_apscheduler_djangojobexecution_run_time_16edd96b;
DROP INDEX public.django_apscheduler_djangojobexecution_job_id_daf5090a;
DROP INDEX public.django_apscheduler_djangojob_next_run_time_2f022619;
DROP INDEX public.django_admin_log_user_id_c564eba6;
DROP INDEX public.django_admin_log_content_type_id_c4bce8eb;
DROP INDEX public.auth_user_username_6821ab7c_like;
DROP INDEX public.auth_user_user_permissions_user_id_a95ead1b;
DROP INDEX public.auth_user_user_permissions_permission_id_1fbb5f2c;
DROP INDEX public.auth_user_groups_user_id_6a12ed8b;
DROP INDEX public.auth_user_groups_group_id_97559544;
DROP INDEX public.auth_permission_content_type_id_2f476e4b;
DROP INDEX public.auth_group_permissions_permission_id_84c5c92e;
DROP INDEX public.auth_group_permissions_group_id_b120cbf9;
DROP INDEX public.auth_group_name_a6ea08ec_like;
ALTER TABLE ONLY public.django_apscheduler_djangojobexecution DROP CONSTRAINT unique_job_executions;
ALTER TABLE ONLY public.django_session DROP CONSTRAINT django_session_pkey;
ALTER TABLE ONLY public.django_migrations DROP CONSTRAINT django_migrations_pkey;
ALTER TABLE ONLY public.django_content_type DROP CONSTRAINT django_content_type_pkey;
ALTER TABLE ONLY public.django_content_type DROP CONSTRAINT django_content_type_app_label_model_76bd3d3b_uniq;
ALTER TABLE ONLY public.django_apscheduler_djangojobexecution DROP CONSTRAINT django_apscheduler_djangojobexecution_pkey;
ALTER TABLE ONLY public.django_apscheduler_djangojob DROP CONSTRAINT django_apscheduler_djangojob_pkey;
ALTER TABLE ONLY public.django_admin_log DROP CONSTRAINT django_admin_log_pkey;
ALTER TABLE ONLY public.blog_blog DROP CONSTRAINT blog_blog_pkey;
ALTER TABLE ONLY public.auth_user DROP CONSTRAINT auth_user_username_key;
ALTER TABLE ONLY public.auth_user_user_permissions DROP CONSTRAINT auth_user_user_permissions_user_id_permission_id_14a6b632_uniq;
ALTER TABLE ONLY public.auth_user_user_permissions DROP CONSTRAINT auth_user_user_permissions_pkey;
ALTER TABLE ONLY public.auth_user DROP CONSTRAINT auth_user_pkey;
ALTER TABLE ONLY public.auth_user_groups DROP CONSTRAINT auth_user_groups_user_id_group_id_94350c0c_uniq;
ALTER TABLE ONLY public.auth_user_groups DROP CONSTRAINT auth_user_groups_pkey;
ALTER TABLE ONLY public.auth_permission DROP CONSTRAINT auth_permission_pkey;
ALTER TABLE ONLY public.auth_permission DROP CONSTRAINT auth_permission_content_type_id_codename_01ab375a_uniq;
ALTER TABLE ONLY public.auth_group DROP CONSTRAINT auth_group_pkey;
ALTER TABLE ONLY public.auth_group_permissions DROP CONSTRAINT auth_group_permissions_pkey;
ALTER TABLE ONLY public.auth_group_permissions DROP CONSTRAINT auth_group_permissions_group_id_permission_id_0cd325b0_uniq;
ALTER TABLE ONLY public.auth_group DROP CONSTRAINT auth_group_name_key;
DROP TABLE public.django_session;
DROP TABLE public.django_migrations;
DROP TABLE public.django_content_type;
DROP TABLE public.django_apscheduler_djangojobexecution;
DROP TABLE public.django_apscheduler_djangojob;
DROP TABLE public.django_admin_log;
DROP TABLE public.blog_blog;
DROP TABLE public.auth_user_user_permissions;
DROP TABLE public.auth_user_groups;
DROP TABLE public.auth_user;
DROP TABLE public.auth_permission;
DROP TABLE public.auth_group_permissions;
DROP TABLE public.auth_group;
SET default_tablespace = '';

SET default_table_access_method = heap;

--
-- Name: auth_group; Type: TABLE; Schema: public; Owner: postgres
--

CREATE TABLE public.auth_group (
    id integer NOT NULL,
    name character varying(150) NOT NULL
);


ALTER TABLE public.auth_group OWNER TO postgres;

--
-- Name: auth_group_id_seq; Type: SEQUENCE; Schema: public; Owner: postgres
--

ALTER TABLE public.auth_group ALTER COLUMN id ADD GENERATED BY DEFAULT AS IDENTITY (
    SEQUENCE NAME public.auth_group_id_seq
    START WITH 1
    INCREMENT BY 1
    NO MINVALUE
    NO MAXVALUE
    CACHE 1
);


--
-- Name: auth_group_permissions; Type: TABLE; Schema: public; Owner: postgres
--

CREATE TABLE public.auth_group_permissions (
    id bigint NOT NULL,
    group_id integer NOT NULL,
    permission_id integer NOT NULL
);


ALTER TABLE public.auth_group_permissions OWNER TO postgres;

--
-- Name: auth_group_permissions_id_seq; Type: SEQUENCE; Schema: public; Owner: postgres
--

ALTER TABLE public.auth_group_permissions ALTER COLUMN id ADD GENERATED BY DEFAULT AS IDENTITY (
    SEQUENCE NAME public.auth_group_permissions_id_seq
    START WITH 1
    INCREMENT BY 1
    NO MINVALUE
    NO MAXVALUE
    CACHE 1
);


--
-- Name: auth_permission; Type: TABLE; Schema: public; Owner: postgres
--

CREATE TABLE public.auth_permission (
    id integer NOT NULL,
    name character varying(255) NOT NULL,
    content_type_id integer NOT NULL,
    codename character varying(100) NOT NULL
);


ALTER TABLE public.auth_permission OWNER TO postgres;

--
-- Name: auth_permission_id_seq; Type: SEQUENCE; Schema: public; Owner: postgres
--

ALTER TABLE public.auth_permission ALTER COLUMN id ADD GENERATED BY DEFAULT AS IDENTITY (
    SEQUENCE NAME public.auth_permission_id_seq
    START WITH 1
    INCREMENT BY 1
    NO MINVALUE
    NO MAXVALUE
    CACHE 1
);


--
-- Name: auth_user; Type: TABLE; Schema: public; Owner: postgres
--

CREATE TABLE public.auth_user (
    id integer NOT NULL,
    password character varying(128) NOT NULL,
    last_login timestamp with time zone,
    is_superuser boolean NOT NULL,
    username character varying(150) NOT NULL,
    first_name character varying(150) NOT NULL,
    last_name character varying(150) NOT NULL,
    email character varying(254) NOT NULL,
    is_staff boolean NOT NULL,
    is_active boolean NOT NULL,
    date_joined timestamp with time zone NOT NULL
);


ALTER TABLE public.auth_user OWNER TO postgres;

--
-- Name: auth_user_groups; Type: TABLE; Schema: public; Owner: postgres
--

CREATE TABLE public.auth_user_groups (
    id bigint NOT NULL,
    user_id integer NOT NULL,
    group_id integer NOT NULL
);


ALTER TABLE public.auth_user_groups OWNER TO postgres;

--
-- Name: auth_user_groups_id_seq; Type: SEQUENCE; Schema: public; Owner: postgres
--

ALTER TABLE public.auth_user_groups ALTER COLUMN id ADD GENERATED BY DEFAULT AS IDENTITY (
    SEQUENCE NAME public.auth_user_groups_id_seq
    START WITH 1
    INCREMENT BY 1
    NO MINVALUE
    NO MAXVALUE
    CACHE 1
);


--
-- Name: auth_user_id_seq; Type: SEQUENCE; Schema: public; Owner: postgres
--

ALTER TABLE public.auth_user ALTER COLUMN id ADD GENERATED BY DEFAULT AS IDENTITY (
    SEQUENCE NAME public.auth_user_id_seq
    START WITH 1
    INCREMENT BY 1
    NO MINVALUE
    NO MAXVALUE
    CACHE 1
);


--
-- Name: auth_user_user_permissions; Type: TABLE; Schema: public; Owner: postgres
--

CREATE TABLE public.auth_user_user_permissions (
    id bigint NOT NULL,
    user_id integer NOT NULL,
    permission_id integer NOT NULL
);


ALTER TABLE public.auth_user_user_permissions OWNER TO postgres;

--
-- Name: auth_user_user_permissions_id_seq; Type: SEQUENCE; Schema: public; Owner: postgres
--

ALTER TABLE public.auth_user_user_permissions ALTER COLUMN id ADD GENERATED BY DEFAULT AS IDENTITY (
    SEQUENCE NAME public.auth_user_user_permissions_id_seq
    START WITH 1
    INCREMENT BY 1
    NO MINVALUE
    NO MAXVALUE
    CACHE 1
);


--
-- Name: blog_blog; Type: TABLE; Schema: public; Owner: postgres
--

CREATE TABLE public.blog_blog (
    id bigint NOT NULL,
    title character varying(150) NOT NULL,
    page text NOT NULL,
    created_at timestamp with time zone NOT NULL
);


ALTER TABLE public.blog_blog OWNER TO postgres;

--
-- Name: blog_blog_id_seq; Type: SEQUENCE; Schema: public; Owner: postgres
--

ALTER TABLE public.blog_blog ALTER COLUMN id ADD GENERATED BY DEFAULT AS IDENTITY (
    SEQUENCE NAME public.blog_blog_id_seq
    START WITH 1
    INCREMENT BY 1
    NO MINVALUE
    NO MAXVALUE
    CACHE 1
);


--
-- Name: django_admin_log; Type: TABLE; Schema: public; Owner: postgres
--

CREATE TABLE public.django_admin_log (
    id integer NOT NULL,
    action_time timestamp with time zone NOT NULL,
    object_id text,
    object_repr character varying(200) NOT NULL,
    action_flag smallint NOT NULL,
    change_message text NOT NULL,
    content_type_id integer,
    user_id integer NOT NULL,
    CONSTRAINT django_admin_log_action_flag_check CHECK ((action_flag >= 0))
);


ALTER TABLE public.django_admin_log OWNER TO postgres;

--
-- Name: django_admin_log_id_seq; Type: SEQUENCE; Schema: public; Owner: postgres
--

ALTER TABLE public.django_admin_log ALTER COLUMN id ADD GENERATED BY DEFAULT AS IDENTITY (
    SEQUENCE NAME public.django_admin_log_id_seq
    START WITH 1
    INCREMENT BY 1
    NO MINVALUE
    NO MAXVALUE
    CACHE 1
);


--
-- Name: django_apscheduler_djangojob; Type: TABLE; Schema: public; Owner: postgres
--

CREATE TABLE public.django_apscheduler_djangojob (
    id character varying(255) NOT NULL,
    next_run_time timestamp with time zone,
    job_state bytea NOT NULL
);


ALTER TABLE public.django_apscheduler_djangojob OWNER TO postgres;

--
-- Name: django_apscheduler_djangojobexecution; Type: TABLE; Schema: public; Owner: postgres
--

CREATE TABLE public.django_apscheduler_djangojobexecution (
    id bigint NOT NULL,
    status character varying(50) NOT NULL,
    run_time timestamp with time zone NOT NULL,
    duration numeric(15,2),
    finished numeric(15,2),
    exception character varying(1000),
    traceback text,
    job_id character varying(255) NOT NULL
);


ALTER TABLE public.django_apscheduler_djangojobexecution OWNER TO postgres;

--
-- Name: django_apscheduler_djangojobexecution_id_seq; Type: SEQUENCE; Schema: public; Owner: postgres
--

ALTER TABLE public.django_apscheduler_djangojobexecution ALTER COLUMN id ADD GENERATED BY DEFAULT AS IDENTITY (
    SEQUENCE NAME public.django_apscheduler_djangojobexecution_id_seq
    START WITH 1
    INCREMENT BY 1
    NO MINVALUE
    NO MAXVALUE
    CACHE 1
);


--
-- Name: django_content_type; Type: TABLE; Schema: public; Owner: postgres
--

CREATE TABLE public.django_content_type (
    id integer NOT NULL,
    app_label character varying(100) NOT NULL,
    model character varying(100) NOT NULL
);


ALTER TABLE public.django_content_type OWNER TO postgres;

--
-- Name: django_content_type_id_seq; Type: SEQUENCE; Schema: public; Owner: postgres
--

ALTER TABLE public.django_content_type ALTER COLUMN id ADD GENERATED BY DEFAULT AS IDENTITY (
    SEQUENCE NAME public.django_content_type_id_seq
    START WITH 1
    INCREMENT BY 1
    NO MINVALUE
    NO MAXVALUE
    CACHE 1
);


--
-- Name: django_migrations; Type: TABLE; Schema: public; Owner: postgres
--

CREATE TABLE public.django_migrations (
    id bigint NOT NULL,
    app character varying(255) NOT NULL,
    name character varying(255) NOT NULL,
    applied timestamp with time zone NOT NULL
);


ALTER TABLE public.django_migrations OWNER TO postgres;

--
-- Name: django_migrations_id_seq; Type: SEQUENCE; Schema: public; Owner: postgres
--

ALTER TABLE public.django_migrations ALTER COLUMN id ADD GENERATED BY DEFAULT AS IDENTITY (
    SEQUENCE NAME public.django_migrations_id_seq
    START WITH 1
    INCREMENT BY 1
    NO MINVALUE
    NO MAXVALUE
    CACHE 1
);


--
-- Name: django_session; Type: TABLE; Schema: public; Owner: postgres
--

CREATE TABLE public.django_session (
    session_key character varying(40) NOT NULL,
    session_data text NOT NULL,
    expire_date timestamp with time zone NOT NULL
);


ALTER TABLE public.django_session OWNER TO postgres;

--
-- Data for Name: auth_group; Type: TABLE DATA; Schema: public; Owner: postgres
--

COPY public.auth_group (id, name) FROM stdin;
\.


--
-- Data for Name: auth_group_permissions; Type: TABLE DATA; Schema: public; Owner: postgres
--

COPY public.auth_group_permissions (id, group_id, permission_id) FROM stdin;
\.


--
-- Data for Name: auth_permission; Type: TABLE DATA; Schema: public; Owner: postgres
--

COPY public.auth_permission (id, name, content_type_id, codename) FROM stdin;
1	Can add log entry	1	add_logentry
2	Can change log entry	1	change_logentry
3	Can delete log entry	1	delete_logentry
4	Can view log entry	1	view_logentry
5	Can add permission	2	add_permission
6	Can change permission	2	change_permission
7	Can delete permission	2	delete_permission
8	Can view permission	2	view_permission
9	Can add group	3	add_group
10	Can change group	3	change_group
11	Can delete group	3	delete_group
12	Can view group	3	view_group
13	Can add user	4	add_user
14	Can change user	4	change_user
15	Can delete user	4	delete_user
16	Can view user	4	view_user
17	Can add content type	5	add_contenttype
18	Can change content type	5	change_contenttype
19	Can delete content type	5	delete_contenttype
20	Can view content type	5	view_contenttype
21	Can add session	6	add_session
22	Can change session	6	change_session
23	Can delete session	6	delete_session
24	Can view session	6	view_session
25	Can add blog	7	add_blog
26	Can change blog	7	change_blog
27	Can delete blog	7	delete_blog
28	Can view blog	7	view_blog
29	Can add django job	8	add_djangojob
30	Can change django job	8	change_djangojob
31	Can delete django job	8	delete_djangojob
32	Can view django job	8	view_djangojob
33	Can add django job execution	9	add_djangojobexecution
34	Can change django job execution	9	change_djangojobexecution
35	Can delete django job execution	9	delete_djangojobexecution
36	Can view django job execution	9	view_djangojobexecution
\.


--
-- Data for Name: auth_user; Type: TABLE DATA; Schema: public; Owner: postgres
--

COPY public.auth_user (id, password, last_login, is_superuser, username, first_name, last_name, email, is_staff, is_active, date_joined) FROM stdin;
1	pbkdf2_sha256$870000$KiGkXkbYkgEjT7N402uvoD$JODeuJDrhQRV+P46a4WHFhdGS/VzMzrFWRuyngXrn38=	2024-09-25 20:16:45.40417+05:45	t	admin				t	t	2024-09-25 20:16:11.303192+05:45
\.


--
-- Data for Name: auth_user_groups; Type: TABLE DATA; Schema: public; Owner: postgres
--

COPY public.auth_user_groups (id, user_id, group_id) FROM stdin;
\.


--
-- Data for Name: auth_user_user_permissions; Type: TABLE DATA; Schema: public; Owner: postgres
--

COPY public.auth_user_user_permissions (id, user_id, permission_id) FROM stdin;
\.


--
-- Data for Name: blog_blog; Type: TABLE DATA; Schema: public; Owner: postgres
--

COPY public.blog_blog (id, title, page, created_at) FROM stdin;
\.


--
-- Data for Name: django_admin_log; Type: TABLE DATA; Schema: public; Owner: postgres
--

COPY public.django_admin_log (id, action_time, object_id, object_repr, action_flag, change_message, content_type_id, user_id) FROM stdin;
\.


--
-- Data for Name: django_apscheduler_djangojob; Type: TABLE DATA; Schema: public; Owner: postgres
--

COPY public.django_apscheduler_djangojob (id, next_run_time, job_state) FROM stdin;
backup_database_every_two_hours	2024-09-25 20:59:34.803829+05:45	\\x80059527020000000000007d94288c0776657273696f6e944b018c026964948c1f6261636b75705f64617461626173655f65766572795f74776f5f686f757273948c0466756e63948c3d64625f6261636b75702e7363686564756c65722e7363686564756c65723a6261636b75705f64617461626173655f65766572795f74776f5f686f757273948c0774726967676572948c1d61707363686564756c65722e74726967676572732e696e74657276616c948c0f496e74657276616c547269676765729493942981947d942868014b028c0874696d657a6f6e65948c086275696c74696e73948c07676574617474729493948c087a6f6e65696e666f948c085a6f6e65496e666f9493948c095f756e7069636b6c6594869452948c0d417369612f4b61746d616e6475944b01869452948c0a73746172745f64617465948c086461746574696d65948c086461746574696d65949394430a07e80919143a360c43f5946818869452948c08656e645f64617465944e8c08696e74657276616c94681a8c0974696d6564656c74619493944b004b0a4b00879452948c066a6974746572944e75628c086578656375746f72948c0764656661756c74948c046172677394298c066b7761726773947d948c046e616d659468038c126d6973666972655f67726163655f74696d65944b018c08636f616c6573636594888c0d6d61785f696e7374616e636573944b018c0d6e6578745f72756e5f74696d6594681c430a07e80919143b220c43f594681886945294752e
delete_old_job_executions	2024-09-25 20:59:34.803829+05:45	\\x8005951b020000000000007d94288c0776657273696f6e944b018c026964948c1964656c6574655f6f6c645f6a6f625f657865637574696f6e73948c0466756e63948c3764625f6261636b75702e7363686564756c65722e7363686564756c65723a64656c6574655f6f6c645f6a6f625f657865637574696f6e73948c0774726967676572948c1d61707363686564756c65722e74726967676572732e696e74657276616c948c0f496e74657276616c547269676765729493942981947d942868014b028c0874696d657a6f6e65948c086275696c74696e73948c07676574617474729493948c087a6f6e65696e666f948c085a6f6e65496e666f9493948c095f756e7069636b6c6594869452948c0d417369612f4b61746d616e6475944b01869452948c0a73746172745f64617465948c086461746574696d65948c086461746574696d65949394430a07e80919143a360c43f5946818869452948c08656e645f64617465944e8c08696e74657276616c94681a8c0974696d6564656c74619493944b004b0a4b00879452948c066a6974746572944e75628c086578656375746f72948c0764656661756c74948c046172677394298c066b7761726773947d948c046e616d659468038c126d6973666972655f67726163655f74696d65944b018c08636f616c6573636594888c0d6d61785f696e7374616e636573944b018c0d6e6578745f72756e5f74696d6594681c430a07e80919143b220c43f594681886945294752e
\.


--
-- Data for Name: django_apscheduler_djangojobexecution; Type: TABLE DATA; Schema: public; Owner: postgres
--

COPY public.django_apscheduler_djangojobexecution (id, status, run_time, duration, finished, exception, traceback, job_id) FROM stdin;
1236	Started execution	2024-09-25 20:59:24.803829+05:45	\N	\N	\N	\N	backup_database_every_two_hours
1237	Started execution	2024-09-25 20:59:24.803829+05:45	\N	\N	\N	\N	delete_old_job_executions
\.


--
-- Data for Name: django_content_type; Type: TABLE DATA; Schema: public; Owner: postgres
--

COPY public.django_content_type (id, app_label, model) FROM stdin;
1	admin	logentry
2	auth	permission
3	auth	group
4	auth	user
5	contenttypes	contenttype
6	sessions	session
7	blog	blog
8	django_apscheduler	djangojob
9	django_apscheduler	djangojobexecution
\.


--
-- Data for Name: django_migrations; Type: TABLE DATA; Schema: public; Owner: postgres
--

COPY public.django_migrations (id, app, name, applied) FROM stdin;
1	contenttypes	0001_initial	2024-09-24 20:11:41.654902+05:45
2	auth	0001_initial	2024-09-24 20:11:41.971448+05:45
3	admin	0001_initial	2024-09-24 20:11:42.060914+05:45
4	admin	0002_logentry_remove_auto_add	2024-09-24 20:11:42.090343+05:45
5	admin	0003_logentry_add_action_flag_choices	2024-09-24 20:11:42.118616+05:45
6	contenttypes	0002_remove_content_type_name	2024-09-24 20:11:42.236094+05:45
7	auth	0002_alter_permission_name_max_length	2024-09-24 20:11:42.258306+05:45
8	auth	0003_alter_user_email_max_length	2024-09-24 20:11:42.292521+05:45
9	auth	0004_alter_user_username_opts	2024-09-24 20:11:42.313932+05:45
10	auth	0005_alter_user_last_login_null	2024-09-24 20:11:42.356324+05:45
11	auth	0006_require_contenttypes_0002	2024-09-24 20:11:42.367779+05:45
12	auth	0007_alter_validators_add_error_messages	2024-09-24 20:11:42.378532+05:45
13	auth	0008_alter_user_username_max_length	2024-09-24 20:11:42.472006+05:45
14	auth	0009_alter_user_last_name_max_length	2024-09-24 20:11:42.514346+05:45
15	auth	0010_alter_group_name_max_length	2024-09-24 20:11:42.557476+05:45
16	auth	0011_update_proxy_permissions	2024-09-24 20:11:42.583794+05:45
17	auth	0012_alter_user_first_name_max_length	2024-09-24 20:11:42.617963+05:45
18	blog	0001_initial	2024-09-24 20:11:42.640803+05:45
19	django_apscheduler	0001_initial	2024-09-24 20:11:42.794985+05:45
20	django_apscheduler	0002_auto_20180412_0758	2024-09-24 20:11:42.804989+05:45
21	django_apscheduler	0003_auto_20200716_1632	2024-09-24 20:11:42.895617+05:45
22	django_apscheduler	0004_auto_20200717_1043	2024-09-24 20:11:43.251002+05:45
23	django_apscheduler	0005_migrate_name_to_id	2024-09-24 20:11:43.31309+05:45
24	django_apscheduler	0006_remove_djangojob_name	2024-09-24 20:11:43.328894+05:45
25	django_apscheduler	0007_auto_20200717_1404	2024-09-24 20:11:43.383683+05:45
26	django_apscheduler	0008_remove_djangojobexecution_started	2024-09-24 20:11:43.414277+05:45
27	django_apscheduler	0009_djangojobexecution_unique_job_executions	2024-09-24 20:11:43.427512+05:45
28	sessions	0001_initial	2024-09-24 20:11:43.509695+05:45
\.


--
-- Data for Name: django_session; Type: TABLE DATA; Schema: public; Owner: postgres
--

COPY public.django_session (session_key, session_data, expire_date) FROM stdin;
b068axftwnsmzg63cex44kz31hx7dty4	.eJxVjDsOwjAQBe_iGllx4i8lPWewNt5dHEC2FCcVyt1DpBTQvpl5HxFhXXJcG81xQnEVSlx-txHSi8oB8AnlUWWqZZmnUR6KPGmT94r0vp3u30GGlr-1cUTBo6HeMQ8ueDCJSTlne9aoGcFoCiGB6mwX0Fq2yKDY42A8khbbDvlYOJU:1stT3R:1-adH0CLJKBiCpVloWyUxIn0IMsQujg9V-Du6JbpC8o	2024-10-09 20:16:45.40417+05:45
\.


--
-- Name: auth_group_id_seq; Type: SEQUENCE SET; Schema: public; Owner: postgres
--

SELECT pg_catalog.setval('public.auth_group_id_seq', 1, false);


--
-- Name: auth_group_permissions_id_seq; Type: SEQUENCE SET; Schema: public; Owner: postgres
--

SELECT pg_catalog.setval('public.auth_group_permissions_id_seq', 1, false);


--
-- Name: auth_permission_id_seq; Type: SEQUENCE SET; Schema: public; Owner: postgres
--

SELECT pg_catalog.setval('public.auth_permission_id_seq', 36, true);


--
-- Name: auth_user_groups_id_seq; Type: SEQUENCE SET; Schema: public; Owner: postgres
--

SELECT pg_catalog.setval('public.auth_user_groups_id_seq', 1, false);


--
-- Name: auth_user_id_seq; Type: SEQUENCE SET; Schema: public; Owner: postgres
--

SELECT pg_catalog.setval('public.auth_user_id_seq', 1, true);


--
-- Name: auth_user_user_permissions_id_seq; Type: SEQUENCE SET; Schema: public; Owner: postgres
--

SELECT pg_catalog.setval('public.auth_user_user_permissions_id_seq', 1, false);


--
-- Name: blog_blog_id_seq; Type: SEQUENCE SET; Schema: public; Owner: postgres
--

SELECT pg_catalog.setval('public.blog_blog_id_seq', 1, false);


--
-- Name: django_admin_log_id_seq; Type: SEQUENCE SET; Schema: public; Owner: postgres
--

SELECT pg_catalog.setval('public.django_admin_log_id_seq', 1, false);


--
-- Name: django_apscheduler_djangojobexecution_id_seq; Type: SEQUENCE SET; Schema: public; Owner: postgres
--

SELECT pg_catalog.setval('public.django_apscheduler_djangojobexecution_id_seq', 1237, true);


--
-- Name: django_content_type_id_seq; Type: SEQUENCE SET; Schema: public; Owner: postgres
--

SELECT pg_catalog.setval('public.django_content_type_id_seq', 9, true);


--
-- Name: django_migrations_id_seq; Type: SEQUENCE SET; Schema: public; Owner: postgres
--

SELECT pg_catalog.setval('public.django_migrations_id_seq', 28, true);


--
-- Name: auth_group auth_group_name_key; Type: CONSTRAINT; Schema: public; Owner: postgres
--

ALTER TABLE ONLY public.auth_group
    ADD CONSTRAINT auth_group_name_key UNIQUE (name);


--
-- Name: auth_group_permissions auth_group_permissions_group_id_permission_id_0cd325b0_uniq; Type: CONSTRAINT; Schema: public; Owner: postgres
--

ALTER TABLE ONLY public.auth_group_permissions
    ADD CONSTRAINT auth_group_permissions_group_id_permission_id_0cd325b0_uniq UNIQUE (group_id, permission_id);


--
-- Name: auth_group_permissions auth_group_permissions_pkey; Type: CONSTRAINT; Schema: public; Owner: postgres
--

ALTER TABLE ONLY public.auth_group_permissions
    ADD CONSTRAINT auth_group_permissions_pkey PRIMARY KEY (id);


--
-- Name: auth_group auth_group_pkey; Type: CONSTRAINT; Schema: public; Owner: postgres
--

ALTER TABLE ONLY public.auth_group
    ADD CONSTRAINT auth_group_pkey PRIMARY KEY (id);


--
-- Name: auth_permission auth_permission_content_type_id_codename_01ab375a_uniq; Type: CONSTRAINT; Schema: public; Owner: postgres
--

ALTER TABLE ONLY public.auth_permission
    ADD CONSTRAINT auth_permission_content_type_id_codename_01ab375a_uniq UNIQUE (content_type_id, codename);


--
-- Name: auth_permission auth_permission_pkey; Type: CONSTRAINT; Schema: public; Owner: postgres
--

ALTER TABLE ONLY public.auth_permission
    ADD CONSTRAINT auth_permission_pkey PRIMARY KEY (id);


--
-- Name: auth_user_groups auth_user_groups_pkey; Type: CONSTRAINT; Schema: public; Owner: postgres
--

ALTER TABLE ONLY public.auth_user_groups
    ADD CONSTRAINT auth_user_groups_pkey PRIMARY KEY (id);


--
-- Name: auth_user_groups auth_user_groups_user_id_group_id_94350c0c_uniq; Type: CONSTRAINT; Schema: public; Owner: postgres
--

ALTER TABLE ONLY public.auth_user_groups
    ADD CONSTRAINT auth_user_groups_user_id_group_id_94350c0c_uniq UNIQUE (user_id, group_id);


--
-- Name: auth_user auth_user_pkey; Type: CONSTRAINT; Schema: public; Owner: postgres
--

ALTER TABLE ONLY public.auth_user
    ADD CONSTRAINT auth_user_pkey PRIMARY KEY (id);


--
-- Name: auth_user_user_permissions auth_user_user_permissions_pkey; Type: CONSTRAINT; Schema: public; Owner: postgres
--

ALTER TABLE ONLY public.auth_user_user_permissions
    ADD CONSTRAINT auth_user_user_permissions_pkey PRIMARY KEY (id);


--
-- Name: auth_user_user_permissions auth_user_user_permissions_user_id_permission_id_14a6b632_uniq; Type: CONSTRAINT; Schema: public; Owner: postgres
--

ALTER TABLE ONLY public.auth_user_user_permissions
    ADD CONSTRAINT auth_user_user_permissions_user_id_permission_id_14a6b632_uniq UNIQUE (user_id, permission_id);


--
-- Name: auth_user auth_user_username_key; Type: CONSTRAINT; Schema: public; Owner: postgres
--

ALTER TABLE ONLY public.auth_user
    ADD CONSTRAINT auth_user_username_key UNIQUE (username);


--
-- Name: blog_blog blog_blog_pkey; Type: CONSTRAINT; Schema: public; Owner: postgres
--

ALTER TABLE ONLY public.blog_blog
    ADD CONSTRAINT blog_blog_pkey PRIMARY KEY (id);


--
-- Name: django_admin_log django_admin_log_pkey; Type: CONSTRAINT; Schema: public; Owner: postgres
--

ALTER TABLE ONLY public.django_admin_log
    ADD CONSTRAINT django_admin_log_pkey PRIMARY KEY (id);


--
-- Name: django_apscheduler_djangojob django_apscheduler_djangojob_pkey; Type: CONSTRAINT; Schema: public; Owner: postgres
--

ALTER TABLE ONLY public.django_apscheduler_djangojob
    ADD CONSTRAINT django_apscheduler_djangojob_pkey PRIMARY KEY (id);


--
-- Name: django_apscheduler_djangojobexecution django_apscheduler_djangojobexecution_pkey; Type: CONSTRAINT; Schema: public; Owner: postgres
--

ALTER TABLE ONLY public.django_apscheduler_djangojobexecution
    ADD CONSTRAINT django_apscheduler_djangojobexecution_pkey PRIMARY KEY (id);


--
-- Name: django_content_type django_content_type_app_label_model_76bd3d3b_uniq; Type: CONSTRAINT; Schema: public; Owner: postgres
--

ALTER TABLE ONLY public.django_content_type
    ADD CONSTRAINT django_content_type_app_label_model_76bd3d3b_uniq UNIQUE (app_label, model);


--
-- Name: django_content_type django_content_type_pkey; Type: CONSTRAINT; Schema: public; Owner: postgres
--

ALTER TABLE ONLY public.django_content_type
    ADD CONSTRAINT django_content_type_pkey PRIMARY KEY (id);


--
-- Name: django_migrations django_migrations_pkey; Type: CONSTRAINT; Schema: public; Owner: postgres
--

ALTER TABLE ONLY public.django_migrations
    ADD CONSTRAINT django_migrations_pkey PRIMARY KEY (id);


--
-- Name: django_session django_session_pkey; Type: CONSTRAINT; Schema: public; Owner: postgres
--

ALTER TABLE ONLY public.django_session
    ADD CONSTRAINT django_session_pkey PRIMARY KEY (session_key);


--
-- Name: django_apscheduler_djangojobexecution unique_job_executions; Type: CONSTRAINT; Schema: public; Owner: postgres
--

ALTER TABLE ONLY public.django_apscheduler_djangojobexecution
    ADD CONSTRAINT unique_job_executions UNIQUE (job_id, run_time);


--
-- Name: auth_group_name_a6ea08ec_like; Type: INDEX; Schema: public; Owner: postgres
--

CREATE INDEX auth_group_name_a6ea08ec_like ON public.auth_group USING btree (name varchar_pattern_ops);


--
-- Name: auth_group_permissions_group_id_b120cbf9; Type: INDEX; Schema: public; Owner: postgres
--

CREATE INDEX auth_group_permissions_group_id_b120cbf9 ON public.auth_group_permissions USING btree (group_id);


--
-- Name: auth_group_permissions_permission_id_84c5c92e; Type: INDEX; Schema: public; Owner: postgres
--

CREATE INDEX auth_group_permissions_permission_id_84c5c92e ON public.auth_group_permissions USING btree (permission_id);


--
-- Name: auth_permission_content_type_id_2f476e4b; Type: INDEX; Schema: public; Owner: postgres
--

CREATE INDEX auth_permission_content_type_id_2f476e4b ON public.auth_permission USING btree (content_type_id);


--
-- Name: auth_user_groups_group_id_97559544; Type: INDEX; Schema: public; Owner: postgres
--

CREATE INDEX auth_user_groups_group_id_97559544 ON public.auth_user_groups USING btree (group_id);


--
-- Name: auth_user_groups_user_id_6a12ed8b; Type: INDEX; Schema: public; Owner: postgres
--

CREATE INDEX auth_user_groups_user_id_6a12ed8b ON public.auth_user_groups USING btree (user_id);


--
-- Name: auth_user_user_permissions_permission_id_1fbb5f2c; Type: INDEX; Schema: public; Owner: postgres
--

CREATE INDEX auth_user_user_permissions_permission_id_1fbb5f2c ON public.auth_user_user_permissions USING btree (permission_id);


--
-- Name: auth_user_user_permissions_user_id_a95ead1b; Type: INDEX; Schema: public; Owner: postgres
--

CREATE INDEX auth_user_user_permissions_user_id_a95ead1b ON public.auth_user_user_permissions USING btree (user_id);


--
-- Name: auth_user_username_6821ab7c_like; Type: INDEX; Schema: public; Owner: postgres
--

CREATE INDEX auth_user_username_6821ab7c_like ON public.auth_user USING btree (username varchar_pattern_ops);


--
-- Name: django_admin_log_content_type_id_c4bce8eb; Type: INDEX; Schema: public; Owner: postgres
--

CREATE INDEX django_admin_log_content_type_id_c4bce8eb ON public.django_admin_log USING btree (content_type_id);


--
-- Name: django_admin_log_user_id_c564eba6; Type: INDEX; Schema: public; Owner: postgres
--

CREATE INDEX django_admin_log_user_id_c564eba6 ON public.django_admin_log USING btree (user_id);


--
-- Name: django_apscheduler_djangojob_next_run_time_2f022619; Type: INDEX; Schema: public; Owner: postgres
--

CREATE INDEX django_apscheduler_djangojob_next_run_time_2f022619 ON public.django_apscheduler_djangojob USING btree (next_run_time);


--
-- Name: django_apscheduler_djangojobexecution_job_id_daf5090a; Type: INDEX; Schema: public; Owner: postgres
--

CREATE INDEX django_apscheduler_djangojobexecution_job_id_daf5090a ON public.django_apscheduler_djangojobexecution USING btree (job_id);


--
-- Name: django_apscheduler_djangojobexecution_run_time_16edd96b; Type: INDEX; Schema: public; Owner: postgres
--

CREATE INDEX django_apscheduler_djangojobexecution_run_time_16edd96b ON public.django_apscheduler_djangojobexecution USING btree (run_time);


--
-- Name: django_session_expire_date_a5c62663; Type: INDEX; Schema: public; Owner: postgres
--

CREATE INDEX django_session_expire_date_a5c62663 ON public.django_session USING btree (expire_date);


--
-- Name: django_session_session_key_c0390e0f_like; Type: INDEX; Schema: public; Owner: postgres
--

CREATE INDEX django_session_session_key_c0390e0f_like ON public.django_session USING btree (session_key varchar_pattern_ops);


--
-- Name: auth_group_permissions auth_group_permissio_permission_id_84c5c92e_fk_auth_perm; Type: FK CONSTRAINT; Schema: public; Owner: postgres
--

ALTER TABLE ONLY public.auth_group_permissions
    ADD CONSTRAINT auth_group_permissio_permission_id_84c5c92e_fk_auth_perm FOREIGN KEY (permission_id) REFERENCES public.auth_permission(id) DEFERRABLE INITIALLY DEFERRED;


--
-- Name: auth_group_permissions auth_group_permissions_group_id_b120cbf9_fk_auth_group_id; Type: FK CONSTRAINT; Schema: public; Owner: postgres
--

ALTER TABLE ONLY public.auth_group_permissions
    ADD CONSTRAINT auth_group_permissions_group_id_b120cbf9_fk_auth_group_id FOREIGN KEY (group_id) REFERENCES public.auth_group(id) DEFERRABLE INITIALLY DEFERRED;


--
-- Name: auth_permission auth_permission_content_type_id_2f476e4b_fk_django_co; Type: FK CONSTRAINT; Schema: public; Owner: postgres
--

ALTER TABLE ONLY public.auth_permission
    ADD CONSTRAINT auth_permission_content_type_id_2f476e4b_fk_django_co FOREIGN KEY (content_type_id) REFERENCES public.django_content_type(id) DEFERRABLE INITIALLY DEFERRED;


--
-- Name: auth_user_groups auth_user_groups_group_id_97559544_fk_auth_group_id; Type: FK CONSTRAINT; Schema: public; Owner: postgres
--

ALTER TABLE ONLY public.auth_user_groups
    ADD CONSTRAINT auth_user_groups_group_id_97559544_fk_auth_group_id FOREIGN KEY (group_id) REFERENCES public.auth_group(id) DEFERRABLE INITIALLY DEFERRED;


--
-- Name: auth_user_groups auth_user_groups_user_id_6a12ed8b_fk_auth_user_id; Type: FK CONSTRAINT; Schema: public; Owner: postgres
--

ALTER TABLE ONLY public.auth_user_groups
    ADD CONSTRAINT auth_user_groups_user_id_6a12ed8b_fk_auth_user_id FOREIGN KEY (user_id) REFERENCES public.auth_user(id) DEFERRABLE INITIALLY DEFERRED;


--
-- Name: auth_user_user_permissions auth_user_user_permi_permission_id_1fbb5f2c_fk_auth_perm; Type: FK CONSTRAINT; Schema: public; Owner: postgres
--

ALTER TABLE ONLY public.auth_user_user_permissions
    ADD CONSTRAINT auth_user_user_permi_permission_id_1fbb5f2c_fk_auth_perm FOREIGN KEY (permission_id) REFERENCES public.auth_permission(id) DEFERRABLE INITIALLY DEFERRED;


--
-- Name: auth_user_user_permissions auth_user_user_permissions_user_id_a95ead1b_fk_auth_user_id; Type: FK CONSTRAINT; Schema: public; Owner: postgres
--

ALTER TABLE ONLY public.auth_user_user_permissions
    ADD CONSTRAINT auth_user_user_permissions_user_id_a95ead1b_fk_auth_user_id FOREIGN KEY (user_id) REFERENCES public.auth_user(id) DEFERRABLE INITIALLY DEFERRED;


--
-- Name: django_admin_log django_admin_log_content_type_id_c4bce8eb_fk_django_co; Type: FK CONSTRAINT; Schema: public; Owner: postgres
--

ALTER TABLE ONLY public.django_admin_log
    ADD CONSTRAINT django_admin_log_content_type_id_c4bce8eb_fk_django_co FOREIGN KEY (content_type_id) REFERENCES public.django_content_type(id) DEFERRABLE INITIALLY DEFERRED;


--
-- Name: django_admin_log django_admin_log_user_id_c564eba6_fk_auth_user_id; Type: FK CONSTRAINT; Schema: public; Owner: postgres
--

ALTER TABLE ONLY public.django_admin_log
    ADD CONSTRAINT django_admin_log_user_id_c564eba6_fk_auth_user_id FOREIGN KEY (user_id) REFERENCES public.auth_user(id) DEFERRABLE INITIALLY DEFERRED;


--
-- Name: django_apscheduler_djangojobexecution django_apscheduler_djangojobexecution_job_id_daf5090a_fk; Type: FK CONSTRAINT; Schema: public; Owner: postgres
--

ALTER TABLE ONLY public.django_apscheduler_djangojobexecution
    ADD CONSTRAINT django_apscheduler_djangojobexecution_job_id_daf5090a_fk FOREIGN KEY (job_id) REFERENCES public.django_apscheduler_djangojob(id) DEFERRABLE INITIALLY DEFERRED;


--
-- PostgreSQL database dump complete
--

